Digital Booklet - My Beautiful Dark Twisted Fantasy,Kanye West,Hip Hop/Rap,0,2008
It's Love,Jill Scott,R&B/Soul,14,1900
I'm So Lonesome I Could Cry,Hank Williams,Country,3,1949
On the Radio,Donna Summer,R&B/Soul,37,1951
Let's Get It On,Marvin Gaye,R&B/Soul,11,1951
Jailhouse Rock,Elvis Presley,Rock,2,1957
La Bamba,Ritchie Valens,Rock,3,1958
Can't Help Falling In Love,Elvis Presley,Rock,0,1961
I Only Want to Be With You,Dusty Springfield,R&B/Soul,29,1963
The Girl From Ipanema (feat. Antônio Carlos Jobim),Stan Getz & João Gilberto,Jazz,4,1963
I Get Around,The Beach Boys,Rock,30,1964
It's Not Unusual,Tom Jones,Pop,9,1965
Wouldn't It Be Nice,The Beach Boys,Rock,27,1966
Virtual Insanity (Remastered),Jamiroquai,Pop,17,1966
Brown Eyed Girl,Van Morrison,Rock,3,1967
Give It Up,KC and the Sunshine Band,Pop,37,1968
Golden Slumbers,The Beatles,Rock,8,1969
I Want You Back,Jackson 5,Pop,45,1969
You Are My Sunshine,Johnny Cash,Country,1,1969
Move On Up (Single Edit),Curtis Mayfield,Jazz,8,1970
Layla,Derek & The Dominos,Rock,14,1970
Your Song,Elton John,Pop,21,1970
The Love You Save,Jackson 5,R&B/Soul,28,1970
Beware of the Boys (Mundian to Bach Ke) [feat. JAY-Z],Panjabi MC,Dance,15,1970
A Horse With No Name,America,Rock,10,1971
American Pie (Full Length Version),Don Mclean,Rock,1,1971
Can't Let Go (Live),"Earth, Wind & Fire",R&B/Soul,6,1971
Tiny Dancer,Elton John,Pop,22,1971
Imagine,John Lennon,Pop,2,1971
Stairway to Heaven,Led Zeppelin,Rock,12,1971
Mercy Mercy Me (The Ecology),Marvin Gaye,R&B/Soul,1,1971
Rocket Man (I Think It's Going to Be a Long Long Time),Elton John,Pop,4,1972
Burning Love,Elvis Presley,Rock,2,1972
Summer Breeze,Seals & Crofts,Pop,20,1972
Crocodile Rock,Elton John,Pop,23,1973
Funeral for a Friend / Love Lies Bleeding,Elton John,Rock,16,1973
Bennie and the Jets (2014 Remaster),Elton John,Rock,6,1973
Goodbye Yellow Brick Road (2014 Remaster),Elton John,Rock,50,1973
Jamaica Jerk-Off,Elton John,Rock,19,1973
Funeral for a Friend / Love Lies Bleeding,Elton John,Rock,33,1973
Endless Love (Endless Love Soundtrack Version),Lionel Richie & Diana Ross,R&B/Soul,2,1973
Free Bird,Lynyrd Skynyrd,Rock,9,1973
Jump (For My Love),The Pointer Sisters,Pop,16,1973
Angie,The Rolling Stones,Rock,1,1973
The Joker,Steve Miller Band,Rock,5,1973
"Can't Get Enough of Your Love, Babe",Barry White,R&B/Soul,4,1974
Don't Let the Sun Go Down On Me,Elton John,Pop,19,1974
Our Lips Are Sealed,The Go-Go's,Pop,5,1974
Cat's In the Cradle,Harry Chapin,Pop,3,1974
Bohemian Rhapsody,Queen,Rock,4,1974
Don't Stop Me Now,Queen,Rock,2,1974
Sweet Emotion,Aerosmith,Rock,6,1975
Total Eclipse of the Heart,Bonnie Tyler,Adult Contemporary,24,1975
Philadelphia Freedom,Elton John,Pop,20,1975
(Gotta Get A) Meal Ticket (Remastered 2016),Elton John,Pop,32,1975
Slow Ride (Single Version),Foghat,Rock,7,1975
You Sexy Thing,Hot Chocolate,Pop,10,1975
Rock and Roll All Nite,Kiss,Hard Rock,5,1975
How Am I Supposed to Live Without You,Michael Bolton,Pop,18,1975
God Save the Queen,Queen,Rock,6,1975
You're Only Human (Second Wind),Billy Joel,Rock,22,1976
New York State of Mind,Billy Joel,Pop,26,1976
Prelude / Angry Young Man,Billy Joel,Pop,34,1976
I've Loved These Days,Billy Joel,Pop,15,1976
More Than a Feeling,Boston,Rock,2,1976
If You Leave Me Now,Chicago,Rock,31,1976
Rich Girl,Daryl Hall & John Oates,Rock,6,1976
Hotel California,Eagles,Rock,3,1976
Don't Go Breaking My Heart (Remastered),Elton John & Kiki Dee,Pop,30,1976
Carry On Wayward Son,Kansas,Rock,3,1976
Detroit Rock City,Kiss,Hard Rock,3,1976
You'll Never Find Another Love Like Mine,Lou Rawls,R&B/Soul,8,1976
Sir Duke,Stevie Wonder,R&B/Soul,3,1976
I Wish,Stevie Wonder,R&B/Soul,19,1976
Isn't She Lovely,Stevie Wonder,R&B/Soul,1,1976
Turn the Beat Around,Vicki Sue Robinson,Soundtrack,15,1976
"Stayin' Alive (From ""Saturday Night Fever"" Soundtrack)",Bee Gees,Pop,14,1977
"More Than A Woman (From ""Saturday Night Fever"" Soundtrack)",Bee Gees,Pop,13,1977
Movin' Out (Anthony's Song),Billy Joel,Pop,42,1977
Only the Good Die Young,Billy Joel,Rock,54,1977
Just the Way You Are,Billy Joel,Pop,6,1977
Only the Good Die Young,Billy Joel,Pop,35,1977
Mr. Blue Sky,Electric Light Orchestra,Rock,2,1977
The Chain,Fleetwood Mac,Rock,26,1977
Dust In the Wind,Kansas,Rock,,1977
We Are the Champions,Queen,Rock,4,1977
Come Sail Away,Styx,Rock,11,1977
Copacabana,Barry Manilow,Vocal Pop,14,1978
Big Shot,Billy Joel,Pop,19,1978
My Life,Billy Joel,Pop,18,1978
Zanzibar,Billy Joel,Pop,26,1978
One Way or Another,Blondie,Pop,2,1978
Rasputin,Boney M.,R&B/Soul,27,1978
You Belong to Me,Carly Simon,Pop,25,1978
Got to Be Real (Single Version),Cheryl Lynn,R&B/Soul,32,1978
September,"Earth, Wind & Fire",R&B/Soul,28,1978
I Will Survive,Gloria Gaynor,Pop,36,1978
Da Ya Think I'm Sexy?,Rod Stewart,Rock,8,1978
Hold the Line,Toto,Rock,51,1978
Video Killed the Radio Star,The Buggles,Rock,3,1979
Good Times,Chic,R&B/Soul,29,1979
After the Love Has Gone,"Earth, Wind & Fire",R&B/Soul,25,1979
Boogie Wonderland,"Earth, Wind & Fire, The Emotions",R&B/Soul,21,1979
Fool In the Rain (Remastered),Led Zeppelin,Rock,17,1979
Funkytown,"Lipps, Inc.",Disco,44,1979
Ain't No Stoppin' Us Now,McFadden & Whitehead,R&B/Soul,5,1979
Mayonaka no Door / Stay with Me,Miki Matsubara,J-Pop,17,1979
Cruel to Be Kind,Nick Lowe,Rock,36,1979
Heartbreaker,Pat Benatar,Rock,37,1979
Crazy Little Thing Called Love,Queen,Rock,2,1979
Funkin' for Jamaica,Tom Browne,Jazz,5,1979
Stomp! (Single Version),The Brothers Johnson,R&B/Soul,2,1980
Hungry Heart,Bruce Springsteen,Rock,4,1980
Heaven,Bryan Adams,Rock,27,1980
(I Just) Died in Your Arms Tonight,Cutting Crew,Rock,37,1980
Whip It,Devo,New Wave,2,1980
I'm Coming Out,Diana Ross,R&B/Soul,22,1980
Upside Down,Diana Ross,R&B/Soul,40,1980
Give Me the Night,George Benson,Jazz,3,1980
Fame,Irene Cara,Soundtrack,35,1980
Bad Reputation,Joan Jett,Rock,25,1980
Hit Me With Your Best Shot,Pat Benatar,Rock,4,1980
Another One Bites the Dust,Queen,Rock,6,1980
I Need Your Lovin',Teena Marie,R&B/Soul,35,1980
Chains,Teena Marie,R&B/Soul,23,1980
You Make Love Like Springtime,Teena Marie,R&B/Soul,24,1980
Lay All Your Love On Me,ABBA,Pop,9,1981
Private Eyes,Daryl Hall & John Oates,Pop,3,1981
Private Eyes,Daryl Hall & John Oates,Rock,46,1981
I Can't Go for That (No Can Do),Daryl Hall & John Oates,Rock,25,1981
Let's Groove,"Earth, Wind & Fire",R&B/Soul,132,1981
Let's Groove,"Earth, Wind & Fire",R&B/Soul,29,1981
I'm In Love,"Evelyn ""Champagne"" King",Pop,33,1981
Kids In America,Kim Wilde,Pop,2,1981
Get Down On It,Kool & The Gang,R&B/Soul,20,1981
Never Too Much,Luther Vandross,R&B/Soul,4,1981
Physical,Olivia Newton-John,Soundtrack,13,1981
Under Pressure,Queen & David Bowie,Rock,4,1981
Jessie's Girl,Rick Springfield,Hard Rock,1,1981
Tainted Love,Soft Cell,Pop,4,1981
Pulling Mussels (From the Shell),Squeeze,Pop,30,1981
"White Wedding, Pt. 1",Billy Idol,Rock,1,1982
Allentown,Billy Joel,Rock,14,1982
Pressure,Billy Joel,Pop,13,1982
"Take Me (Live at Chuo Kaikan Hall, Tokyo, Feb. 1982)",Casiopea,Jazz,13,1982
Rock the Casbah,The Clash,Punk,47,1982
Maneater,Daryl Hall & John Oates,Rock,13,1982
It's Getting Stronger,DeBarge,R&B/Soul,2,1982
Come On Eileen,Dexys Midnight Runners,Pop,1,1982
Hurts So Good,John Cougar,Rock,7,1982
Sexual Healing,Marvin Gaye,R&B/Soul,2,1982
Earth Song,Michael Jackson,Soundtrack,2,1982
Beat It,Michael Jackson,Pop,3,1982
The Lady In My Life,Michael Jackson,Pop,35,1982
I Cannot Believe It's True,Phil Collins,Rock,17,1982
You Can't Hurry Love,Phil Collins,Rock,26,1982
Tell Me Something Good,Rufus,Funk,28,1982
A Night to Remember,Shalamar,R&B/Soul,6,1982
Eye of the Tiger,Survivor,Rock,27,1982
Remember Summer Days (Bonus Track),Anri,J-Pop,24,1983
Cruel Summer,Bananarama,Pop,28,1983
Uptown Girl,Billy Joel,Pop,49,1983
The Longest Time,Billy Joel,Rock,28,1983
Tell Her About It,Billy Joel,Rock,24,1983
Girls Just Want to Have Fun,Cyndi Lauper,Pop,,1983
I'm Still Standing,Elton John,Rock,192,1983
I Guess That's Why They Call It the Blues,Elton John,Pop,33,1983
Flashdance...What a Feeling,Irene Cara,Pop,3,1983
Holiday,Madonna,Pop,30,1983
"Promises, Promises",Naked Eyes,Rock,3,1983
"Love, Need and Want You",Patti LaBelle,R&B/Soul,10,1983
Every Breath You Take,The Police,Rock,4,1983
Vamos a la Playa (1983),Righeira,Pop Latino,12,1983
Gold,Spandau Ballet,Pop,39,1983
TRUE,Spandau Ballet,Pop,5,1983
Hold Me Now,Thompson Twins,Pop,,1983
Red Red Wine (12'' Version),UB40,Reggae,24,1983
Dance Hall Days,Wang Chung,Pop,5,1983
It's Raining Men,The Weather Girls,R&B/Soul,5,1983
Forever Young,Alphaville,Pop,36,1984
Do They Know It's Christmas?,Band Aid,Holiday,1,1984
Through the Fire,Chaka Khan,R&B/Soul,18,1984
Time After Time,Cyndi Lauper,Pop,43,1984
Careless Whisper,George Michael,Pop,5,1984
You're the Best,"Joe ""Bean"" Esposito",Soundtrack,70,1984
Angel of the Morning,Juice Newton,Adult Contemporary,21,1984
Material Girl,Madonna,Pop,15,1984
Plastic Love,Mariya Takeuchi,J-Pop,6,1984
Cool It Now,New Edition,R&B/Soul,17,1984
Against All Odds (Take a Look at Me Now),Phil Collins,Rock,14,1984
The Glamorous Life (Club Edit),Sheila E.,R&B/Soul,28,1984
It's My Life,Talk Talk,Rock,42,1984
Lovergirl,Teena Marie,R&B/Soul,27,1984
Last Christmas (Single Version),Wham!,Holiday,1,1984
Everything She Wants,Wham!,Pop,30,1984
Last Christmas,Wham!,Pop,22,1984
If Your Heart Isn't In It,Atlantic Starr,R&B/Soul,37,1985
Tarzan Boy,Baltimora,Rock,3,1985
"Somewhere (From ""West Side Story"")",Barbra Streisand,Vocal,23,1985
Rhythm of the Night,DeBarge,R&B/Soul,1,1985
No Controles,Flans,Pop Latino,17,1985
Love Me Like There's No Tomorrow,Freddie Mercury,Rock,33,1985
Running Up That Hill (A Deal With God) (2018 Remaster),Kate Bush,Pop,5,1985
Your Love,The Outfield,Rock,18,1985
Raspberry Beret,Prince & The Revolution,R&B/Soul,6,1985
Oh Sheila,Ready for the World,R&B/Soul,28,1985
Holding Back the Years,Simply Red,Pop,28,1985
Part-Time Lover,Stevie Wonder,R&B/Soul,33,1985
Everybody Wants to Rule the World,Tears for Fears,Pop,33,1985
We Are the World,U.S.A. for Africa,Rock,1,1985
One Moment in Time,Whitney Houston,R&B/Soul,26,1985
Saving All My Love for You,Whitney Houston,Pop,4,1985
Saving All My Love for You,Whitney Houston,Pop,18,1985
Circles,Atlantic Starr,R&B/Soul,4,1986
Venus,Bananarama,Pop,6,1986
Livin' On a Prayer,Bon Jovi,Hard Rock,1,1986
Amanda,Boston,Rock,60,1986
"Because You Loved Me (Theme from ""Up Close and Personal"")",Céline Dion,Pop,1,1986
Mighty Wings,Cheap Trick,Soundtrack,2,1986
Don't Dream It's Over,Crowded House,Rock,32,1986
The Final Countdown,Europe,Hard Rock,55,1986
I Knew You Were Waiting (For Me),George Michael & Aretha Franklin,Pop,2,1986
Danger Zone,Kenny Loggins,Soundtrack,9,1986
Iron Eagle (Never Say Die),King Kobra,Hard Rock,11,1986
I Can't Wait,Nu Shooz,Rock,28,1986
"Glory of Love (Theme from ""the Karate Kid, Pt. II"")",Peter Cetera,Rock,26,1986
It's Tricky,Run-DMC,Hip-Hop/Rap,1,1986
As I Lay Me Down,Sophie B. Hawkins,Pop,12,1986
Love Is All Around,Wet Wet Wet,Pop,9,1986
Dude (Looks Like a Lady),Aerosmith,Hard Rock,5,1987
Always,Atlantic Starr,R&B/Soul,26,1987
Heaven Is a Place On Earth,Belinda Carlisle,Rock,1,1987
Dreams,Fleetwood Mac,Rock,33,1987
Faith,George Michael,Pop,2,1987
Sweet Child O' Mine,Guns N' Roses,Hard Rock,14,1987
Ahora Te Puedes Marchar,Luis Miguel,Pop Latino,23,1987
Into the Groove,Madonna,Pop,17,1987
The Way You Make Me Feel (Single Version),Michael Jackson,Pop,3,1987
Dirty Diana,Michael Jackson,Pop,16,1987
I've Got a Little Something for You,MN8,Pop,7,1987
Endless Summer Nights,Richard Marx,Adult Contemporary,12,1987
Never Gonna Give You Up,Rick Astley,Pop,15,1987
Tell It to My Heart,Taylor Dayne,Pop,4,1987
Didn't We Almost Have It All,Whitney Houston,R&B/Soul,19,1987
Kokomo,The Beach Boys,Pop,1,1988
Don't Be Cruel,Bobby Brown,Pop,27,1988
Roni,Bobby Brown,Pop,28,1988
Every Little Step,Bobby Brown,Pop,36,1988
What I Am,Edie Brickell & New Bohemians,Rock,5,1988
The Wheel,Edie Brickell & New Bohemians,Rock,5,1988
Love Like We Do,Edie Brickell & New Bohemians,Rock,6,1988
Town of Plenty,Elton John,Pop,19,1988
I Don't Wanna Go On With You Like That (Just Elton And His Piano Mix),Elton John,Pop,41,1988
Supersonic,J.J. Fad,Hip-Hop/Rap,36,1988
Culpable o No (Miénteme Como Siempre),Luis Miguel,Latin,32,1988
One,Metallica,Metal,11,1988
Can You Stand the Rain,New Edition,R&B/Soul,13,1988
"80s Baby (feat. Salt-N-Pepa, Naughty By Nature, Tiffany & Debbie Gibson)","New Kids on the Block feat. Salt-N-Pepa, Naughty By Nature, Tiffany, Debbie Gibson",Pop,26,1988
Straight Up,Paula Abdul,Dance,1,1988
Ooo La La La,Teena Marie,R&B/Soul,4,1988
Ready or Not,After 7,Pop,18,1989
Ride On Time,Black Box,Pop,24,1989
You Give Love a Bad Name,Bon Jovi,Hard Rock,1,1989
Fiesta en América,Chayanne,Pop Latino,17,1989
I Don't Have the Heart,James Ingram,R&B/Soul,8,1989
Escapade,Janet Jackson,Pop,10,1989
Walking In Memphis,Marc Cohn,Country,52,1989
Another Day in Paradise (2016 Remastered),Phil Collins,Pop,5,1989
Love Will Lead You Back,Taylor Dayne,Pop,18,1989
Pump Up the Jam,Technotronic,Dance,101,1989
Get Up (Before the Night Is Over),Technotronic,Dance,13,1989
Move This,Technotronic & Ya Kid K,Dance,9,1989
Poison (Hip Hop Mix),Bell Biv DeVoe,R&B/Soul,20,1990
Strike It Up,Black Box,Pop,30,1990
Never Stop,The Brand New Heavies,R&B/Soul,10,1990
I Touch Myself,Divinyls,Rock,45,1990
Sing Hallelujah!,Dr. Alban,Pop,50,1990
More Than Words,EXTREME,Hard Rock,13,1990
She Ain't Worth It,Glenn Medeiros,Pop,14,1990
Vacation,The Go-Go's,Pop,32,1990
Somewhere Over the Rainbow,Israel Kamakawiwo'ole,Worldwide,1,1990
Wrap My Body Tight,Johnny Gill,R&B/Soul,29,1990
Sound of da Police,KRS-One,Hip-Hop/Rap,13,1990
Around the Way Girl,LL COOL J,Hip-Hop/Rap,8,1990
Around the Way Girl,LL COOL J,Hip-Hop/Rap,41,1990
Love Takes Time,Mariah Carey,R&B/Soul,8,1990
Someday,Mariah Carey,R&B/Soul,13,1990
U Can't Touch This,MC Hammer,Hip-Hop/Rap,3,1990
(Can't Live Without Your) Love and Affection (Remastered 2017),Nelson,Rock,11,1990
Step By Step,New Kids On the Block,Pop,12,1990
Liquid Dreams,O-Town,Pop,8,1990
Show Me Love,Robin S.,Pop,127,1990
Nothing Compares 2 U,Sinéad O'Connor,Pop,,1990
Here's Where the Story Ends,The Sundays,Alternative,2,1990
Right Here (Human Nature Radio Mix),SWV,R&B/Soul,62,1990
Around the World (La La La La La) [Radio Version],A Touch of Class,Pop,31,1990
I'm Your Baby Tonight,Whitney Houston,Pop,9,1990
Motownphilly,Boyz II Men,Neo-Soul,21,1991
End of the Road,Boyz II Men,Neo-Soul,20,1991
It's So Hard to Say Goodbye to Yesterday (Radio Version),Boyz II Men,Neo-Soul,20,1991
More and More (Single Version),Captain Hollywood Project,Dance,28,1991
Finally,CeCe Peniston,R&B/Soul,8,1991
I Wanna Sex You Up (Single Mix),Color Me Badd,R&B/Soul,9,1991
Gypsy Woman (She's Homeless) (La Da Dee La Da Da) [Basement Boy Strip To The Bone Mix],Crystal Waters,Electronic,21,1991
I Wonder Why,Curtis Stigers,Pop,17,1991
Latin Thugs (feat. Tego Calderón),Cypress Hill,Hip-Hop/Rap,6,1991
Summertime,DJ Jazzy Jeff & The Fresh Prince,Hip-Hop/Rap,26,1991
Now That We Found Love (feat. Aaron Hall),Heavy D & The Boyz,Hip-Hop/Rap,28,1991
Romantic,Karyn White,Dance,24,1991
It Ain't Over 'Til It's Over,Lenny Kravitz,Rock,5,1991
Emotions,Mariah Carey,R&B/Soul,58,1991
Good Vibrations (feat. Loleatta Holloway),Marky Mark and the Funky Bunch & Loleatta Holloway,Hip-Hop/Rap,162,1991
To Be with You,Mr. Big,Hard Rock,26,1991
To Be with You,Mr. Big,Hard Rock,2,1991
O.P.P,Naughty By Nature,Hardcore,11,1991
Baby Come Back,Player,Rock,7,1991
Losing My Religion,R.E.M.,Alternative,18,1991
Losing My Religion,R.E.M.,Alternative,3,1991
Under the Bridge,Red Hot Chili Peppers,Alternative,1,1991
The Glamorous Life (Re-Recorded),Sheila E.,Pop,22,1991
Stars,Simply Red,Pop,19,1991
Two Princes,Spin Doctors,Rock,36,1991
Hold You Tight,Tara Kemp,Rock,11,1991
Walking On Broken Glass,Annie Lennox,Pop,19,1992
On Bended Knee,Boyz II Men,R&B/Soul,13,1992
Friday I'm In Love,The Cure,Alternative,2,1992
Free Your Mind,En Vogue,R&B/Soul,3,1992
Tears in Heaven,Eric Clapton,Rock,2,1992
Sweat (A La La La La Long),Inner Circle,Reggae,46,1992
Don't Walk Away,Jade,Dance,30,1992
Live and Learn,Joe Public,R&B/Soul,5,1992
Jump,Kris Kross,Hip-Hop/Rap,155,1992
Someday (I'm Coming Back),Lisa Stansfield,Soundtrack,4,1992
"I'll Be There (feat. Trey Lorenz) [Live at MTV Unplugged, Kaufman Astoria Studios, New York - March 1992]",Mariah Carey,Pop,9,1992
Real Love,Mary J. Blige,R&B/Soul,10,1992
Real Love,Mary J. Blige,R&B/Soul,81,1992
Just a Girl,No Doubt,Pop,8,1992
Don't Speak,No Doubt,Pop,29,1992
Everybody Hurts,R.E.M.,Alternative,,1992
If I Ever Fall In Love (Original Acapella Version) [Edit],Shai,Vocal,8,1992
Baby Got Back,Sir Mix-A-Lot,Hip-Hop/Rap,5,1992
Rhythm Is a Dancer,Snap!,Dance,15,1992
Rhythm Is a Dancer (Original Mix),Snap!,Dance,40,1992
Plush,Stone Temple Pilots,Hard Rock,2,1992
Weak,SWV,R&B/Soul,19,1992
I Will Always Love You,Whitney Houston,Soundtrack,4,1992
I Have Nothing,Whitney Houston,Soundtrack,33,1992
I'm Every Woman,Whitney Houston,Soundtrack,4,1992
Run to You,Whitney Houston,Soundtrack,2,1992
Jesus Loves Me,Whitney Houston,Soundtrack,4,1992
I Will Always Love You,Whitney Houston,Pop,108,1992
Twilight Zone,2 Unlimited,Pop,63,1992
The Sign (Remastered),Ace of Base,Pop,9,1993
The Power of Love,Céline Dion,Pop,4,1993
Mr. Jones,Counting Crows,Rock,24,1993
Somebody to Love,George Michael & Queen,Pop,9,1993
You Know How We Do It,Ice Cube,Hip-Hop/Rap,38,1993
If,Janet Jackson,Vocal,49,1993
Again,Janet Jackson,Pop,13,1993
Hero,Mariah Carey,Pop,12,1993
Without You,Mariah Carey,Pop,10,1993
Dreamlover,Mariah Carey,Pop,16,1993
Hero,Mariah Carey,Pop,22,1993
"Merry Christmas, Happy Holidays",*NSYNC,Christmas: Pop,4,1993
Another Night,Real McCoy,R&B/Soul,49,1993
Love for Love,Robin S.,Pop,15,1993
Show Me Love (Extended Mix),Steve Angello & Laidback Luke,Dance,10,1993
Another Sad Love Song,Toni Braxton,R&B/Soul,10,1993
(I Can't Help) Falling in Love With You,UB40,Reggae,18,1993
No Limit,2 Unlimited,Pop,41,1993
Tribal Dance,2 Unlimited,Pop,48,1993
Don't Give Me Your Life (Radio Version),Alex Party,Dance,5,1994
The Funk Phenomena (feat. Old Skool Junkies),Armand Van Helden,House,13,1994
Cartoon Heroes (Speedy Mix Version),Barbie Young,Dance,48,1994
Two Can Play That Game (K Klassik Radio Mix),Bobby Brown,R&B/Soul,24,1994
I'll Make Love to You,Boyz II Men,Neo-Soul,21,1994
Baby,Brandy,R&B/Soul,2,1994
Baby Baby,Corona,Dance,5,1994
Basket Case,Green Day,Alternative,20,1994
Hold My Hand,Hootie & The Blowfish,Pop,17,1994
Hips Don't Lie (Dance Remix),KYRIA,Dance,31,1994
All I Want For Christmas Is You,Mariah Carey,Christmas,55,1994
Miss You Most (At Christmas Time),Mariah Carey,Christmas,24,1994
Joy To the World,Mariah Carey,Christmas,10,1994
Hark! The Herald Angels Sing / Gloria (In Excelsis Deo),Mariah Carey,Christmas,22,1994
All I Want for Christmas Is You (Live at The Cathedral of St. John The Divine),Mariah Carey,Holiday,31,1994
Wouldn't It Be Good,Nik Kershaw,Rock,31,1994
Big Poppa (2007 Remaster),The Notorious B.I.G.,Hip-Hop/Rap,3,1994
Gotta Get Away,The Offspring,Alternative,3,1994
Don't Stop Wiggle Wiggle,The Outhere Brothers,Hip-Hop/Rap,4,1994
Cotton Eye Joe,Rednex,Dance,55,1994
Candy Rain,Soul for Real,R&B/Soul,41,1994
Buddy Holly,Weezer,Pop,15,1994
The Real Thing (Tribal Edit),2 Unlimited,Pop,32,1994
Beautiful Life,Ace of Base,Pop,25,1995
Beautiful Life (Remastered),Ace of Base,Dance,4,1995
Lucky Love (Remastered),Ace of Base,Pop,7,1995
I Can Love You Like That,All-4-One,Pop,6,1995
I'll Never Break Your Heart,Backstreet Boys,Pop,17,1995
If You Love Me,Brownstone,R&B/Soul,6,1995
The Bomb! (These Sound Fall Into My Mind) [Radio Edit],The Bucketheads,Hip-Hop/Rap,15,1995
Captain Jack,Captain Jack,Dance,7,1995
Gangsta's Paradise (feat. L.V.),Coolio,Hip-Hop/Rap,4,1995
Hideaway (Radio Edit),De'Lacy,Dance,8,1995
When Love And Hate Collide,Def Leppard,Rock,15,1995
Keep Their Heads Ringin',Dr. Dre,Hip-Hop/Rap,7,1995
Hardcore Vibes,Dune,Dance,6,1995
Max Don't Have Sex With Your Ex,E-Rotic,Pop,9,1995
Close to You,Fun Factory,Dance,23,1995
Be My Lover,La Bouche,Dance,39,1995
Fallin' In Love,La Bouche,Dance,16,1995
Loungin (Who Do Ya Luv) [Remix],LL COOL J,Hip-Hop/Rap,32,1995
One Sweet Day (feat. Boyz II Men),Mariah Carey,Pop,25,1995
Always Be My Baby,Mariah Carey,Pop,31,1995
Fantasy,Mariah Carey,R&B/Soul,130,1995
You Are Not Alone (Single Version),Michael Jackson,Pop,17,1995
Scream,Michael Jackson,Pop,38,1995
Don't Take It Personal (Just One of Dem Days),Monica,R&B/Soul,6,1995
Stayin' Alive (feat. Ricardo Da Force),N-Trance,Pop,12,1995
Total Eclipse of the Heart (Dance Mix),Nicki French,Dance,54,1995
Surrender Your Love (MK Radio Edit),Nightcrawlers,Dance,17,1995
Push the Feeling On (Mk Dub Revisited Edit),Nightcrawlers,Pop,14,1995
It's My Life,No Doubt,Pop,8,1995
One More Chance / Stay with Me (Remix) [2007 Remaster],The Notorious B.I.G.,Hip-Hop/Rap,11,1995
Boom Boom Boom,The Outhere Brothers,Hip-Hop/Rap,42,1995
Heaven for Everyone,Queen,Rock,4,1995
Dreaming Of You,Selena,Pop Latino,4,1995
Boombastic,Shaggy,Pop,4,1995
Fairground,Simply Red,Pop,7,1995
I Wish,Skee-Lo,Hip-Hop/Rap,15,1995
Every Little Thing I Do,Soul for Real,R&B/Soul,30,1995
Back for Good (Radio Mix),Take That,Pop,3,1995
I 2 I,Tevin Campbell & Rosie Gaines,Disney,12,1995
Rock N Roll McDonald's,Wesley Willis,Alternative,21,1995
Dear Mama,2Pac,Hip-Hop/Rap,10,1995
This Is Your Night,Amber,Dance,31,1996
Them and Us,Bad Religion,Alternative,11,1996
Lovefool,The Cardigans,Pop,33,1996
Don't Let Go (Love),En Vogue,R&B/Soul,40,1996
Killing Me Softly With His Song,Fugees,Hip-Hop/Rap,17,1996
My Boo (Hitman's Club Mix),Ghost Town DJs,Pop,23,1996
Ooh Aah...Just a Little Bit (Motiv8 Radio Edit),Gina G.,Pop,12,1996
Pony,Ginuwine,R&B/Soul,14,1996
Cosmic Girl,Jamiroquai,Pop,6,1996
Return of the Mack,Mark Morrison,Pop,50,1996
Ameyatchi,Mathey,African,17,1996
Still In Love,New Edition,R&B/Soul,,1996
Where Do You Go,No Mercy,Rock,3,1996
All I Want,The Offspring,Rock,16,1996
Way Down the Line,The Offspring,Rock,12,1996
Space Jam,Quad City DJ's,Hip-Hop/Rap,104,1996
Wannabe (Radio Edit),Spice Girls,Pop,12,1996
Santeria,Sublime,Alternative,12,1996
Brain Crack,Tracy Bonham,Rock,1,1996
Barbie Girl,Aqua,Pop,31,1997
Barbie Girl,Aqua,Pop,16,1997
Everybody (Backstreet's Back) [Extended Version],Backstreet Boys,Pop,9,1997
Twilight Zone,Beat Bliss,Dance,49,1997
Samba de Janeiro (Club Mix),Bellini,Dance,26,1997
"My Heart Will Go On (Love Theme from ""Titanic"")",Céline Dion,Pop,,1997
Tubthumping,Chumbawamba,Rock,11,1997
I'll Be,Edwin McCain,Pop,17,1997
Carrying Your Love With Me,George Strait,Country,21,1997
Together Again,Janet Jackson,Pop,43,1997
Breakdown (feat. Krayzie Bone & Wish Bone),Mariah Carey,R&B/Soul,31,1997
Honey,Mariah Carey,R&B/Soul,95,1997
Angel of Mine (Radio Mix),Monica,R&B/Soul,11,1997
Mo Money Mo Problems (feat. Mase & Puff Daddy),The Notorious B.I.G.,Hip-Hop/Rap,118,1997
Mo Money Mo Problems (feat. Puff Daddy & Mase) [Radio Mix],The Notorious B.I.G.,Hip-Hop/Rap,8,1997
Tearin' Up My Heart (Radio Edit),*NSYNC,Pop,46,1997
I Gotta Believe!,Parappa the Rapper ft. Mc King Kong Mushi [Live Rap],PS2,,1997
I'll Be Missing You (feat. Faith Evans & 112) [2014 Remaster],Puff Daddy,Hip-Hop/Rap,12,1997
R U Ready (feat. Rufus Moore),Salt-N-Pepa,R&B/Soul,4,1997
Shakira DJ Memegamix,Shakira,Latin,47,1997
Man! I Feel Like a Woman!,Shania Twain,Country,13,1997
You're Still the One,Shania Twain,Country,62,1997
Kiss Me,Sixpence None the Richer,Christian Rock,6,1997
Ocean Man,Ween,Pop,24,1997
Your Woman,White Town,Electronic,3,1997
Gettin' Jiggy Wit It,Will Smith,Hip-Hop/Rap,12,1997
Miami,Will Smith,Hip-Hop/Rap,5,1997
Just Cruisin',Will Smith,Pop,19,1997
"Men In Black (From ""Men In Black"" Soundtrack)",Will Smith,Soundtrack,31,1997
Gettin' Jiggy Wit It,Will Smith,Pop,40,1997
Miami,Will Smith,Hip-Hop/Rap,31,1997
Do for Love,2Pac,Hip-Hop/Rap,4,1997
Are You That Somebody,Aaliyah,R&B/Soul,14,1998
I Don't Want to Miss a Thing,Aerosmith,Soundtrack,20,1998
Better Off Alone,Alice Deejay,Dance,35,1998
You Don't Know Me (feat. Duane Harden),Armand Van Helden,Electronic,7,1998
Have You Ever,Brandy,R&B/Soul,15,1998
Blue Christmas,Céline Dion,Holiday,2,1998
Blue (Da Ba Dee) [Gabry Ponte Video Edit],Eiffel 65,Dance,16,1998
Love Like This,Faith Evans,R&B/Soul,23,1998
This Kiss,Faith Hill,Country,4,1998
This Kiss,Faith Hill,Country,24,1998
As (with Mary J. Blige),George Michael,Pop,2,1998
Iris,The Goo Goo Dolls,Rock,13,1998
Sweet Love,JUNKO OHASHI,J-Pop,21,1998
For You I Will,Monica,R&B/Soul,16,1998
You Get What You Give,New Radicals,Pop,13,1998
Rosa Parks,Outkast,Hip-Hop/Rap,17,1998
Ghetto Supastar (That Is What You Are),Pras,Hip-Hop/Rap,9,1998
I Believe I Can Fly,R. Kelly,R&B/Soul,3,1998
Песенка (feat. Лиза Роднянская),Ruki Vverkh,Pop,36,1998
That Don't Impress Me Much (Dance Mix),Shania Twain,Country,17,1998
Butterfly,Smile,Pop,22,1998
Music Sounds Better with You (Radio Edit),Stardust,Electronic,23,1998
Tragedy,Steps,Pop,6,1998
We Like To Party! (The Vengabus),Vengaboys,Pop,14,1998
"Boom, Boom, Boom, Boom!!",Vengaboys,Pop,64,1998
Gimme Gimme,Whigfield,Dance,19,1998
It's Not Right But It's Okay,Whitney Houston,Pop,12,1998
Crying At the Discoteque (Radio Edit),Alcazar,Soundtrack,17,1999
Movin' Too Fast,Artful Dodger & Romina Johnson,Electronic,14,1999
9 P.M. (Till I Come),ATB,Dance,9,1999
I Want It That Way,Backstreet Boys,Pop,32,1999
808,Blaque,Pop,8,1999
All the Small Things,blink-182,Rock,18,1999
...Baby One More Time,Britney Spears,Pop,15,1999
(You Drive Me) Crazy,Britney Spears,Pop,44,1999
Dream a Dream (Radio Mix),Captain Jack,Dance,47,1999
Think of You,Case,R&B/Soul,18,1999
Genie in a Bottle,Christina Aguilera,Pop,6,1999
Sandstorm,Darude,Dance,20,1999
"Jumpin', Jumpin'",Destiny's Child,R&B/Soul,5,1999
Say My Name,Destiny's Child,R&B/Soul,15,1999
L'Amour Toujours,Gigi D'Agostino,Dance,4,1999
Big Pimpin' (feat. UGK),JAY-Z,Hip-Hop/Rap,7,1999
Let's Get Loud,Jennifer Lopez,Pop,4,1999
Heartbreaker (feat. JAY-Z) [Album Version],Mariah Carey,Pop,22,1999
Running in the 90's (Extended),Max Coveri,Dance,20,1999
Flat Beat,Mr. Oizo,Electronic,8,1999
You'll Be In My Heart,Phil Collins,Soundtrack,25,1999
Californication,Red Hot Chili Peppers,Alternative,1,1999
Livin' la Vida Loca,Ricky Martin,Pop,26,1999
Bring It All Back,S Club 7,Pop,2,1999
Smooth (feat. Rob Thomas),Santana,Rock,25,1999
Every Morning,Sugar Ray,Pop,5,1999
Will 2K (feat. K-Ci),Will Smith,Pop,49,1999
I'll Be Your Everything,Youngstown,Rock,50,1999
Hey Mr. D.J.,Zhané,Pop,36,1999
Upside Down,A*Teens,Pop,2,2000
Full Moon (Featuring Common),Armand Van Helden,Dance,4,2000
The Call,Backstreet Boys,Pop,4,2000
Shape of My Heart,Backstreet Boys,Pop,14,2000
On the Move (Original),Barthezz,Dance,10,2000
One Wild Night,Bon Jovi,Pop,11,2000
One in a Million (Remix),Bosson,Pop,16,2000
Oops!… I Did It Again,Britney Spears,Pop,6,2000
Stronger,Britney Spears,Pop,10,2000
Axel F,Crazy Frog,Pop,17,2000
One More Time,Daft Punk,Dance,26,2000
Hey Baby (Uhh Ahh) [Radio Mix],DJ Ötzi,Dance,3,2000
The Real Slim Shady,Eminem,Hip-Hop/Rap,18,2000
BOOM BOOM DOLLAR KOG G3 MIX ,HQ,DDR,42,2000
MAX 300 Ω ,HQ,DDR,25,2000
RHYTHM AND POLICE KOG G3 Mix ,HQ,DDR,25,2000
ZZ - The legend of MAX,HQ,DDR,25,2000
Love Don't Cost a Thing,Jennifer Lopez,R&B/Soul,1,2000
In the Sanctuary,Kurt Carr & The Kurt Carr Singers,Christian,31,2000
Can't Fight the Moonlight,LeAnn Rimes,Country,61,2000
You (feat. Snoop Dogg & Q-TIp),Lucy Pearl,R&B/Soul,6,2000
Against All Odds (Take a Look At Me Now) [feat. Westlife],Mariah Carey,Pop,8,2000
Thank God I Found You (Make It Last Remix Edit) [feat. Mariah Carey & Nas],Mariah Carey,R&B/Soul,1,2000
Lady (Hear Me Tonight),Modjo,Pop,26,2000
Dynamite Rave  ,Naoki,DDR,29,2000
Ride Wit Me (feat. City Spud),Nelly,Hip-Hop/Rap,14,2000
Bye Bye Bye,*NSYNC,Pop,24,2000
It's Gonna Be Me,*NSYNC,Pop,29,2000
Touch Me,Rui Da Silva,Dance,1,2000
Played-A-Live (The Bongo Song),Safri Duo,Reggae,4,2000
Angel (feat. Rayvon),Shaggy,Reggae,25,2000
It Wasn't Me (feat. Ricardo Ducent),Shaggy,Pop,28,2000
MIRACLE,St Jennaro,DDR,11,2000
More Than A Woman,Aaliyah,R&B/Soul,5,2001
Things That Go Bump In The Night,Allstars,Pop,12,2001
Bumble Bee,Bambee,Dance,10,2001
All Rise,Blue,Rock,19,2001
When You Look at Me (Radio Edit),Christina Milian,R&B/Soul,,2001
Daddy DJ (Chico & Tonio Radio Edit),Daddy DJ,Dance,3,2001
Aerodynamic,Daft Punk,Dance,24,2001
Harder Better Faster Stronger,Daft Punk,Dance,124,2001
High Life,Daft Punk,Dance,28,2001
Gotta Get Thru This (D'n'D Radio Edit),Daniel Bedingfield,Rock,55,2001
Bootylicious,Destiny's Child,R&B/Soul,18,2001
Heaven,DJ Sammy & Yanou featuring Do,Dance,9,2001
Escapar,Enrique Iglesias,Pop Latino,,2001
We Come 1 (Radio Edit),Faithless,Dance,11,2001
It's Raining Men,Geri Halliwell,Pop,10,2001
All That I'm Good For,Hem,Rock,3,2001
Always On Time (feat. Ashanti),Ja Rule,Hip-Hop/Rap,1,2001
All for You,Janet Jackson,Pop,125,2001
Someone to Call My Lover,Janet Jackson,Pop,37,2001
Doesn't Really Matter,Janet Jackson,Pop,14,2001
Izzo (H.O.V.A.),JAY-Z,Hip-Hop/Rap,12,2001
Can't Get You Out of My Head,Kylie Minogue,Pop,1,2001
Come Into My World (Radio Edit),Kylie Minogue,Pop,8,2001
"Loverboy (Remix) [feat. Da Brat, Ludacris, Twenty II & Shawnna]",Mariah Carey,Pop,22,2001
You Rock My World (Radio Edit),Michael Jackson,Pop,17,2001
4 My People (featuring Eve) (LP Version),Missy Elliott,Hip-Hop/Rap,1,2001
Win the Race,Modern Talking,Pop,4,2001
Chillin',Modjo,Pop,5,2001
No Voy a Llorar,Mónica Naranjo,Pop Latino,1,2001
Don't Mess With My Man (Version 1),Nivea,R&B/Soul,2,2001
Girlfriend (feat. Nelly) [The Neptunes Remix],*NSYNC,Pop,1,2001
Just Like a Pill,P!nk,Pop,,2001
Imitation of Life,R.E.M.,Alternative,12,2001
Hallelujah,Rufus Wainwright,Soundtrack,1,2001
Get Over You,Sophie Ellis-Bextor,Pop,,2001
Can We Talk,Tevin Campbell,R&B/Soul,,2001
U Remind Me,Usher,R&B/Soul,19,2001
A Thousand Miles,Vanessa Carlton,Singer/Songwriter,16,2001
Island In the Sun,Weezer,Rock,10,2001
One Day In Your Life,Anastacia,Rock,4,2002
Tide Is High (Get the Feeling),Atomic Kitten,Pop,2,2002
Fly By II,Blue,Pop,1,2002
Sorry Seems to Be the Hardest Word (Radio Edit) [feat. Elton John],Blue,Pop,5,2002
Star Guitar,The Chemical Brothers,Pop,1,2002
Fantasy (Live),"Earth, Wind & Fire",R&B/Soul,25,2002
After the Love Is Gone (Live),"Earth, Wind & Fire",R&B/Soul,26,2002
Boogie Wonderland (Live),"Earth, Wind & Fire",R&B/Soul,32,2002
"Lose Yourself (From ""8 Mile"")",Eminem,Hip-Hop/Rap,43,2002
Jenny from the Block (feat. Jadakiss & Styles P) [Track Masters Remix],Jennifer Lopez,Pop,2,2002
Hurt,Johnny Cash,Country,2,2002
Move Your Feet,Junior Senior,Pop,219,2002
Shake Your Coconuts,Junior Senior,Pop,223,2002
Rock Your Body,Justin Timberlake,Pop,28,2002
Just a Little,Liberty X,Pop,,2002
You and Me,Lifehouse,Rock,23,2002
The Night Owls (2002 Digital Remaster / 24-Bit Digitally Remastered),Little River Band,Rock,16,2002
Rhythm of the Night,Loona,Pop,,2002
Through the Rain,Mariah Carey,Pop,13,2002
This Love,Maroon 5,Rock,3,2002
Dilemma (feat. Kelly Rowland),Nelly,Hip-Hop/Rap,18,2002
Home and Dry (2017 Remaster),Pet Shop Boys,Pop,,2002
Alive,S Club 7,Pop,15,2002
The Game of Love (feat. Tina Turner),Santana,Rock,,2002
Nessaja,Scooter,Dance,1,2002
Get Busy,Sean Paul,Electronic,20,2002
I'm Gonna Getcha Good! (Red Single Edit),Shania Twain,Country,1,2002
Murder On the Dancefloor (Radio Edit),Sophie Ellis-Bextor,Dance,8,2002
I Just Called to Say I Love You (Single Version),Stevie Wonder,R&B/Soul,34,2002
Good Times,Styles P,Hip-Hop/Rap,11,2002
Boogie Oogie Oogie,A Taste of Honey,R&B/Soul,25,2002
You Don't Know My Name,Alicia Keys,R&B/Soul,7,2003
If I Ain't Got You,Alicia Keys,R&B/Soul,7,2003
Crazy in Love (feat. Jay-Z),Beyoncé,Pop,1,2003
Toxic,Britney Spears,Pop,2,2003
Accidentally In Love,Counting Crows,Pop,42,2003
I Don't Want to Be,Gavin DeGraw,Pop,10,2003
Through the Wire,Kanye West,Hip-Hop/Rap,26,2003
A Moment Like This,Kelly Clarkson,Pop,23,2003
Turn Me On,Kevin Lyttle,Electronic,23,2003
Mr. Brightside,The Killers,Rock,1,2003
"Never Leave You - Uh Ooh, Uh Oooh!",Lumidee,R&B/Soul,27,2003
Fantasy (feat. Ol' Dirty Bastard),Mariah Carey,R&B/Soul,4,2003
White Girls,Mighty Casey,Hip-Hop/Rap,2,2003
The Way You Move (feat. Sleepy Brown) [Club Mix],Outkast,Hip-Hop/Rap,12,2003
Hey Ya!,Outkast,Pop,6,2003
Many Men (Wish Death),50 Cent,Hip-Hop/Rap,10,2003
My My My,Armand Van Helden,Dance,21,2004
My Prerogative,Britney Spears,Pop,2,2004
Changes (feat. David Bowie),Butterfly Boucher,Pop,35,2004
Gasolina,Daddy Yankee,Latin,45,2004
Lose My Breath,Destiny's Child,R&B/Soul,1,2004
Call on Me (Radio Mix),Eric Prydz,Dance,19,2004
Tipsy (Radio Mix),J-Kwon,Hip-Hop/Rap,3,2004
Beautiful Soul,Jesse McCartney,Rock,15,2004
Number One (feat. Kanye West),John Legend,R&B/Soul,11,2004
All Falls Down (feat. Syleena Johnson),Kanye West,Hip-Hop/Rap,21,2004
Jesus Walks,Kanye West,Hip-Hop/Rap,15,2004
The New Workout Plan,Kanye West,Hip-Hop/Rap,27,2004
Because of You,Kelly Clarkson,Pop,20,2004
Since U Been Gone,Kelly Clarkson,Pop,11,2004
We Belong Together,Mariah Carey,Pop,32,2004
I Don't Wanna Know (feat. P. Diddy & Enya) [2016 Remastered],Mario Winans,R&B/Soul,9,2004
Got to Be Real,Mary J. Blige (Ft. Will Smith),R&B/Soul,1,2004
One Beer,MF DOOM,Hip-Hop/Rap,7,2004
Rapp Snitch Knishes (feat. Mr. Fantastik),MF DOOM,Hip-Hop/Rap,25,2004
The Weekend (Radio Edit),Michael Gray,Dance,90,2004
Unwritten,Natasha Bedingfield,Pop,37,2004
Signs (feat. Charlie Wilson & Justin Timberlake) [feat. Charlie Wilson & Justin Timberlake],"Snoop Dogg, Charlie Wilson & Justin Timberlake",Hip-Hop/Rap,2,2004
Burn (Confessions Special Edition Version),Usher,R&B/Soul,6,2004
My Boo,Usher & Alicia Keys,R&B/Soul,3,2004
Yo Voy (feat. Daddy Yankee),Zion & Lennox,Urbano latino,3,2004
Check On It (feat. Bun B & Slim Thug),Beyoncé,Pop,16,2005
Pump It,Black Eyed Peas,Hip-Hop/Rap,32,2005
Who Says You Can't Go Home (Duet with Jennifer Nettles),Bon Jovi & Jennifer Nettles,Rock,5,2005
Like You (feat. Ciara),Bow Wow,Dirty South,19,2005
Everytime We Touch,Cascada,Dance,12,2005
Get Ready for This,Crazy Frog,Pop,14,2005
Popcorn,Crazy Frog,Pop,13,2005
We Are the Champions (Ding a Dang Dong) [Radio Edit],Crazy Frog,Dance,27,2005
Bad Day,Daniel Powter,Rock,27,2005
A Streetcar Named Desire:  Main Title/New Orleans Street,Eric Stern & London Symphony Orchestra,Classical,4,2005
Touch the Sky (feat. Lupe Fiasco),Kanye West,Hip-Hop/Rap,15,2005
Bandida,Kiko Rodriguez,Latin,26,2005
Looking for You,Kirk Franklin,Christian,14,2005
Be Without You (Kendu Mix),Mary J. Blige,Hip-Hop/Rap,29,2005
Hey There Delilah,Plain White T's,Pop,1,2005
Buttons,The Pussycat Dolls,Pop,12,2005
Messages from the Stars,The RAH Band,Jazz,11,2005
Temperature,Sean Paul,Pop,149,2005
Hips Don't Lie (feat. Wyclef Jean),Shakira,Pop,25,2005
Gary's Song,SpongeBob SquarePants,Children's Music,33,2005
I'm Sprung,T-Pain,R&B/Soul,,2005
I'm Sprung (feat. Dizzee Rascal) [UK Remix],T-Pain,Hip-Hop/Rap,2,2005
Beverly Hills,Weezer,Rock,8,2005
Candy Shop (feat. Olivia),50 Cent,Hip-Hop/Rap,1,2005
Smack That (feat. Eminem),Akon,R&B/Soul,5,2006
I Wanna Love You (feat. Snoop Dogg & Tego Calderón) [Remix],Akon,R&B/Soul,1,2006
Freakum Dress,Beyoncé,Pop,1,2006
Got to Get It,Blown Beat,Dance,16,2006
Glamorous (feat. Ludacris),Fergie,Hip-Hop/Rap,9,2006
Fergalicious (feat. will.i.am),Fergie,Hip-Hop/Rap,12,2006
The Sweet Escape (feat. Akon),Gwen Stefani,Pop,1,2006
Call On Me,Janet Jackson & Nelly,Pop,4,2006
Summer Love,Justin Timberlake,Pop,1,2006
Alone (Valentin Radio Edit),Kim Sozzi,Dance,13,2006
Theme From Flo Jack,m-flo,J-Pop,8,2006
Lollipop,MIKA,Pop,14,2006
Welcome to the Black Parade,My Chemical Romance,Alternative,27,2006
Sexy Love,Ne-Yo,R&B/Soul,22,2006
At Last,Neko Case,Alternative,5,2006
Maneater,Nelly Furtado,Pop,32,2006
Say It Right,Nelly Furtado,Pop,24,2006
Brand New (feat. Rhymefest),Rhymefest,Hip-Hop/Rap,9,2006
SOS,Rihanna,Pop,4,2006
Everybody In the Place,Still Sunrise,Dance,15,2006
Walk It Out,Unk,Hip-Hop/Rap,23,2006
Get Ready for This,2 Unlimited,Soundtrack,19,2006
Kiss Kiss (feat. T-Pain),Chris Brown,R&B/Soul,5,2007
Take You Down,Chris Brown,R&B/Soul,19,2007
Low (feat. T-Pain),Flo Rida,Hip-Hop/Rap,11,2007
I Touch Myself (Handz Up Edit),Jan Wayne & Scarlet,Dance,24,2007
Down (feat. Lil Wayne),Jay Sean,R&B/Soul,5,2007
Champion,Kanye West,Hip-Hop/Rap,11,2007
I Wonder,Kanye West,Hip-Hop/Rap,15,2007
Good Life (feat. T-Pain),Kanye West,Hip-Hop/Rap,36,2007
Flashing Lights (feat. Dwele),Kanye West,Hip-Hop/Rap,16,2007
Homecoming (feat. Chris Martin),Kanye West,Hip-Hop/Rap,25,2007
Let It Go (feat. Missy Elliott & Lil 'Kim),Keyshia Cole,R&B/Soul,19,2007
Wow,Kylie Minogue,Rock,4,2007
Makes Me Wonder,Maroon 5,Pop,41,2007
Just Fine,Mary J. Blige,R&B/Soul,3,2007
Shake It,Metro Station,Alternative,4,2007
Le Festin,Michael Giacchino & Camille,Soundtrack,22,2007
Sexy Can I (feat. Yung Berg),Ray J,Hip-Hop/Rap,14,2007
Umbrella (feat. JAY Z),Rihanna,Pop,2,2007
Don't Stop the Music,Rihanna,R&B/Soul,3,2007
Speed Over Beethoven (Extended),Rose,Dance,50,2007
Take You There,Sean Kingston,Hip-Hop/Rap,1,2007
Crank That (Soulja Boy),Soulja Boy Tell 'Em,Hip-Hop/Rap,37,2007
Into Yesterday,Sugar Ray,Soundtrack,9,2007
Bartender (feat. Akon),T-Pain,R&B/Soul,3,2007
Yo Stomach (feat. Tay Dizm),T-Pain,Hip-Hop/Rap,1,2007
Buy U a Drank (Shawty Snappin') [feat. Yung Joc],T-Pain,Hip-Hop/Rap,1,2007
69 (feat. J Lyriq),T-Pain,Hip-Hop/Rap,2,2007
Give It to Me (feat. Justin Timberlake & Nelly Furtado),Timbaland,Hip-Hop/Rap,30,2007
Monsoon,Tokio Hotel,Pop,2,2007
Int'l Players Anthem (I Choose You) [feat. Outkast],UGK,Hip-Hop/Rap,9,2007
Womanizer,Britney Spears,Pop,3,2008
Circus,Britney Spears,Pop,,2008
It's All Coming Back to Me Now (Radio Edit 1),Céline Dion,Pop,42,2008
Viva La Vida,Coldplay,Alternative,13,2008
American Boy (feat. Kanye West),Estelle,R&B/Soul,29,2008
Blame It (feat. T-Pain),Jamie Foxx,R&B/Soul,,2008
Let It Rock (feat. Lil Wayne),Kevin Rudolf,Rock,,2008
Day 'n' Nite (Crookers Remix),Kid Cudi,Hip-Hop/Rap,17,2008
Just Dance (feat. Colby O'Donis),Lady Gaga,Pop,4,2008
Poker Face,Lady Gaga,Pop,1,2008
Mrs. Officer (feat. Bobby V & Kidd Kidd),Lil Wayne,Hip-Hop/Rap,9,2008
Touch My Body,Mariah Carey,Pop,127,2008
When I Grow Up,The Pussycat Dolls,Pop,3,2008
Turn My Swag On,Soulja Boy Tell 'Em,Hip-Hop/Rap,21,2008
Kiss Me Thru the Phone (feat. Sammie),Soulja Boy Tell 'Em,Hip-Hop/Rap,26,2008
Live Your Life (feat. Rihanna),T.I.,Rap,5,2008
Whatever You Like,T.I.,Rap,9,2008
"Winter (Concerto # 4 In F Minor, Rv 297)/ Allegro Non Molto/Largo/Allegro",The Vivaldi Philharmonic Orchestra,Classical,5,2008
"More, More, More",Andrea True Connection,R&B/Soul,13,2009
Rock That Body,Black Eyed Peas,Pop,2,2009
Meet Me Halfway,Black Eyed Peas,Pop,7,2009
I Gotta Feeling,Black Eyed Peas,Pop,3,2009
Meet Me Halfway,Black Eyed Peas,Pop,41,2009
Captain Jack (Grandale Remix),Captain Jack,Electronic,29,2009
Good Girls Go Bad (feat. Leighton Meester),Cobra Starship,Alternative,4,2009
When Love Takes Over (feat. Kelly Rowland),David Guetta,Electronic,2,2009
Freaky Freaky,Dizzee Rascal,Dance,24,2009
Dirtee Cash,Dizzee Rascal,Dance,15,2009
Leisure,Dizzee Rascal,Dance,25,2009
We Made You,Eminem,Hip-Hop/Rap,17,2009
Jump (feat. Nelly Furtado),Flo Rida,Hip-Hop/Rap,39,2009
Right Round (feat. Ke$ha),Flo Rida,Hip-Hop/Rap,4,2009
Be On You (feat. Ne-Yo),Flo Rida,Hip-Hop/Rap,46,2009
Sugar (feat. Wynter),Flo Rida,Hip-Hop/Rap,17,2009
Replay,Iyaz,Pop,10,2009
Whatcha Say,Jason Derulo,Pop,14,2009
Run This Town (feat. Rihanna & Kanye West),JAY-Z,Hip-Hop/Rap,7,2009
Empire State of Mind (feat. Alicia Keys),JAY-Z,Hip-Hop/Rap,7,2009
Birthday Sex,Jeremih,R&B/Soul,17,2009
My Life Would Suck Without You,Kelly Clarkson,Pop,3,2009
TiK ToK,Kesha,Pop,4,2009
Bad Romance,Lady Gaga,Pop,3,2009
Telephone (feat. Beyoncé),Lady Gaga,Pop,2,2009
I'm Lindana and I Wanna Have Fun,Lindana,Children's Music,42,2009
4 Minutes (feat. Justin Timberlake & Timbaland),Madonna,Pop,109,2009
Party In the U.S.A.,Miley Cyrus,Pop,4,2009
Triumph (feat. Avery Storm),Pitbull,Hip-Hop/Rap,7,2009
Hotel Room Service,Pitbull,Hip-Hop/Rap,47,2009
Fire Burning,Sean Kingston,Pop,53,2009
Fire Burning,Sean Kingston,Hip-Hop/Rap,5,2009
Dancing (Extended mix),Vicky Vale,Dance,2,2009
Check It Out,will.i.am & Nicki Minaj,Pop,39,2009
Heads Will Roll,Yeah Yeah Yeahs,Alternative,13,2009
Dancing Hero (Eat You Up),Yoko Oginome,J-Pop,28,2009
1905 Regina Music Box (Classic Theme),Amanda's Music Boxes,Easy Listening,17,2010
Boyfriend,Big Time Rush,Pop,31,2010
The Time (Dirty Bit),Black Eyed Peas,Pop,47,2010
Just Can't Get Enough,Black Eyed Peas,Pop,37,2010
Baby I'm Yours ,Breakbot,Electronic,2,2010
"All I Do Is Win (feat. T-Pain, Ludacris, Snoop Dogg & Rick Ross)",DJ Khaled,Hip-Hop/Rap,50,2010
Danza Kuduro (feat. Lucenzo),Don Omar,Urbano latino,35,2010
I Like It (feat. Pitbull) [feat. Pitbull],Enrique Iglesias,Pop,,2010
"Club Can't Handle Me (feat. David Guetta) [From ""Step Up 3D""]",Flo Rida,Hip-Hop/Rap,5,2010
Solo,Iyaz,Pop,14,2010
Ridin' Solo,Jason Derulo,Pop,8,2010
Somebody to Love,Justin Bieber,Pop,3,2010
Never Say Never (feat. Jaden Smith),Justin Bieber,Pop,14,2010
Dark Fantasy,Kanye West,Hip-Hop/Rap,13,2010
Gorgeous (feat. Kid Cudi & Raekwon),Kanye West,Hip-Hop/Rap,8,2010
Power,Kanye West,Hip-Hop/Rap,9,2010
All of the Lights (Interlude),Kanye West,Hip-Hop/Rap,11,2010
All of the Lights,Kanye West,Hip-Hop/Rap,38,2010
"Monster (feat. Jay-Z, Rick Ross, Nicki Minaj & Bon Iver)",Kanye West,Hip-Hop/Rap,9,2010
"So Appalled (feat. Jay-Z, Pusha T, Prynce Cy Hi, Swizz Beatz & RZA)",Kanye West,Hip-Hop/Rap,8,2010
Devil In a New Dress (feat. Rick Ross),Kanye West,Hip-Hop/Rap,11,2010
Runaway (feat. Pusha T),Kanye West,Hip-Hop/Rap,10,2010
Hell of a Life,Kanye West,Hip-Hop/Rap,9,2010
Blame Game (feat. John Legend),Kanye West,Hip-Hop/Rap,3,2010
Lost In the World (feat. Bon Iver),Kanye West,Hip-Hop/Rap,5,2010
Who Will Survive In America,Kanye West,Hip-Hop/Rap,6,2010
"See Me Now (feat. Beyoncé, Charlie Wilson & Big Sean) [Bonus Track]",Kanye West,Hip-Hop/Rap,5,2010
California Gurls (feat. Snoop Dogg),Katy Perry,Pop,3,2010
Tired,Kelly Price,R&B/Soul,15,2010
Pretty Girl Rock,Keri Hilson,R&B/Soul,,2010
I Ain't Got Nobody,Louis Armstrong,Jazz,14,2010
Misery,Maroon 5,Pop,40,2010
Cooler Than Me (Single Mix),Mike Posner,Pop,50,2010
Hey Baby (Drop It To The Floor) [feat. T-Pain],Pitbull,Pop,39,2010
Atomic Bass,Rhythm Section,Dance,11,2010
S&M,Rihanna,Pop,2,2010
Only Girl (In the World),Rihanna,Pop,2,2010
Dumb Love,Sean Kingston,Pop,4,2010
Waka Waka (This Time for Africa) [The Official 2010 FIFA World Cup (TM) Song] [feat. Freshlyground] [Single],Shakira,Pop,5,2010
Billionaire (feat. Bruno Mars),Travie McCoy,Pop,5,2010
Bottoms Up (feat. Nicki Minaj),Trey Songz,R&B/Soul,4,2010
Omg (feat. will.i.am),Usher,R&B/Soul,42,2010
Love On Top,Beyoncé,Pop,31,2011
Party (feat. André 3000),Beyoncé,Pop,10,2011
Take Me There,"Blackstreet, Blinky Blink, Mase & Mýa",Soundtrack,6,2011
Till the World Ends,Britney Spears,Pop,2,2011
Les,Childish Gambino,Hip-Hop/Rap,,2011
You Make Me Feel... (feat. Sabi),Cobra Starship,Alternative,1,2011
Turn Me On (feat. Nicki Minaj),David Guetta,Dance,4,2011
Wild Ones (feat. Sia),Flo Rida,Hip-Hop/Rap,4,2011
History (feat. Will Young) [M3 & Bachelors of Science Remix],Groove Armada,Electronic,1,2011
Tonight Tonight,Hot Chelle Rae,Pop,6,2011
Work Out,J. Cole,R&B/Soul,16,2011
Ni**as in Paris,JAY-Z & Kanye West,Hip-Hop/Rap,26,2011
On the Floor (feat. Pitbull),Jennifer Lopez,Pop,1,2011
Escape From the City ...for City Escape,"Jun Senoue & Ted Poley, Tony Harnell",Soundtrack,4,2011
Fa La La (feat. Boyz II Men) [A Cappella],Justin Bieber,Holiday,7,2011
Swag Like Ohio,Lil B,Hip-Hop/Rap,19,2011
Party Rock Anthem (feat. Lauren Bennett & GoonRock),LMFAO,Pop,37,2011
Ima Boss (feat. Rick Ross),Meek Mill,Hip-Hop/Rap,16,2011
What Makes You Beautiful,One Direction,Pop,25,2011
"Give Me Everything (feat. Ne-Yo, Afrojack & Nayer)",Pitbull,Pop,12,2011
Where Have You Been,Rihanna,Pop,,2011
We Found Love (feat. Calvin Harris),Rihanna,Pop,3,2011
Love You Like a Love Song,Selena Gomez & The Scene,Pop,3,2011
Because I Love You (The Postman Song) [1998 Version],Stevie B,Electronic,9,2011
Main Theme (From Vampire Knight),Anime Kei,Soundtrack,16,2012
Little Black Bear,The Be Good Tanyas,Singer/Songwriter,3,2012
Treasure,Bruno Mars,Pop,4,2012
Let's Go (feat. Ne-Yo) [Radio Edit],Calvin Harris,Dance,14,2012
Love Sosa,Chief Keef,Hip-Hop/Rap,2,2012
Play Hard (feat. Ne-Yo & Akon),David Guetta,Pop,134,2012
Let It Roll,Flo Rida,Hip-Hop/Rap,38,2012
I Cry,Flo Rida,Hip-Hop/Rap,33,2012
I Love It (feat. Charli XCX),Icona Pop,Pop,4,2012
As Long As You Love Me (feat. Big Sean),Justin Bieber,Pop,4,2012
Prayer in C (Robin Schulz Radio Edit) [Robin Schulz Remix],Lilly Wood & The Prick,Dance,6,2012
I Can Feel It Cumming (in Your Hair Tonight),MC Crumbsnatcher,Hip-Hop/Rap,13,2012
Let's Get to Humpin',MC Crumbsnatcher,Hip-Hop/Rap,9,2012
I Want You Back / The Love You Save / I'll Be There (Live),Michael Jackson,Pop,19,2012
Adorn,Miguel,R&B/Soul,30,2012
Starships,Nicki Minaj,Hip-Hop/Rap,4,2012
Troublemaker (feat. Flo Rida),Olly Murs,Pop,3,2012
Let Her Go,Passenger,Singer/Songwriter,3,2012
Feel This Moment (feat. Christina Aguilera),Pitbull,Pop,36,2012
Feel This Moment (feat. Christina Aguilera),Pitbull,Pop,15,2012
50 Ways to Say Goodbye,Train,Pop,3,2012
Scream & Shout (feat. Britney Spears),will.i.am,Pop,3,2012
Drunk in Love (feat. JAY Z),Beyoncé,Pop,17,2013
3005,Childish Gambino,Hip-Hop/Rap,25,2013
Loyal (feat. Lil Wayne & Tyga),Chris Brown,R&B/Soul,12,2013
Suit & Tie (feat. JAY-Z),Justin Timberlake,Pop,2,2013
Mirrors,Justin Timberlake,Pop,,2013
On Sight,Kanye West,Hip-Hop/Rap,17,2013
Bound 2,Kanye West,Hip-Hop/Rap,21,2013
Underneath the Tree,Kelly Clarkson,Christmas,2,2013
We Can't Stop,Miley Cyrus,Pop,3,2013
Classic,MKTO,Pop,3,2013
Ain't It Fun,Paramore,Alternative,5,2013
Still Into You,Paramore,Alternative,4,2013
Just a Cloud Away,Pharrell Williams,Soundtrack,8,2013
Posse (I Need You on the Floor),Scooter,Dance,20,2013
Answer,"Tyler, The Creator",Hip-Hop/Rap,23,2013
Tamale,"Tyler, The Creator",Hip-Hop/Rap,31,2013
Drunk in Love Remix (feat. JAY Z & Kanye West),Beyoncé,Pop,8,2014
Rather Be (feat. Jess Glynne),Clean Bandit,Dance,32,2014
Trap Queen,Fetty Wap,Hip-Hop/Rap,31,2014
I Been Drinking,Future,Gangsta Rap,15,2014
Fancy (feat. Charli XCX),Iggy Azalea,Hip-Hop/Rap,3,2014
Wet Dreamz,J. Cole,Hip-Hop/Rap,2,2014
No Role Modelz,J. Cole,Hip-Hop/Rap,6,2014
Chamber of Reflection,Mac DeMarco,Alternative,2,2014
Time of Our Lives,Pitbull & Ne-Yo,Pop,23,2014
Demise,Ransom & Freddie Gibbs,Hardcore Rap,2,2014
I Will Never Let You Down,Rita Ora,Pop,5,2014
Resort Island: Can You Feel the Sunshine?,SEGA/Richard Jacques,Soundtrack,20,2014
Radical City: Living In the City,SEGA/Richard Jacques,Soundtrack,17,2014
Inner Smile (Truth & Soul Session),Texas,Pop,3,2014
Against All Odds (feat. Tasmin) [Almighty Definitive Radio Edit],Déjà Vu,Pop,59,2015
Cha Cha,DRAM,Hip-Hop/Rap,23,2015
Want to Want Me,Jason Derulo,Pop,4,2015
Painkiller (feat. Meghan Trainor),Jason Derulo,Pop,4,2015
Give It Up,KC and the Sunshine Band,Pop,3,2015
Alright,Kendrick Lamar,Hip-Hop/Rap,23,2015
"Brilliant 2U (From ""Dance Dance Revolution 2"")",Knight By Knight,Instrumental,7,2015
We Are Young (Jersey Club),Kyle Edwards & DJ Smallz 732,Hip-Hop/Rap,22,2015
Holiday Road,Lindsey Buckingham,Rock,99,2015
Pipe It Up,Migos,Hip-Hop/Rap,33,2015
Drag Me Down,One Direction,Pop,3,2015
Do It Again (feat. Chris Brown & Tyga),Pia Mia,Pop,41,2015
Get Ready For This,Power Music Workout,Fitness & Workout,101,2015
Not Letting Go (feat. Jess Glynne),Tinie Tempah,Hip-Hop/Rap,148,2015
90210 (feat. Kacy Hill),Travis Scott,Hip-Hop/Rap,39,2015
The Hills,The Weeknd,R&B/Soul,3,2015
Wait a Minute!,WILLOW,Alternative,4,2015
Look At Me!,XXXTENTACION,Hip-Hop/Rap,13,2015
24K Magic,Bruno Mars,Pop,2,2016
Redbone,Childish Gambino,R&B/Soul,57,2016
Hoes Mad,Famous Dex,Hip-Hop/Rap,20,2016
SimpsonWave1995,FrankJavCee,Electronic,6,2016
What Once Was,Her's,Indie Rock,6,2016
Golden Slumbers / Carry That Weight,Jennifer Hudson,Soundtrack,4,2016
"Father Stretch My Hands, Pt. 1",Kanye West,Hip-Hop/Rap,86,2016
Don't Mind,Kent Jones,Hip-Hop/Rap,117,2016
Money Longer,Lil Uzi Vert,Hip-Hop,25,2016
Bucket,Memo Boy,Electronic,4,2016
goosebumps,Travis Scott,Hip-Hop/Rap,26,2016
Water,Ugly God,Hip-Hop,37,2016
Juju on That Beat,Zay Hilfigerrr & Zayion McCall,Hip-Hop,6,2016
Saturn 02 (feat. Wade08),Caleon Fox,Hip-Hop/Rap,1,2017
"Feels (feat. Pharrell Williams, Katy Perry & Big Sean)",Calvin Harris,Dance,21,2017
Unlock It (feat. Kim Petras and Jay Park),Charli XCX,Pop,22,2017
"Ain't No Mountain High Enough (The ANMHE 'Diamond Diana"" Remix)",Diana Ross,Pop,5,2017
"I'm the One (feat. Justin Bieber, Quavo, Chance the Rapper & Lil Wayne)",DJ Khaled,Hip-Hop/Rap,2,2017
Passionfruit,Drake,Hip-Hop/Rap,13,2017
Mask Off,Future,Hip-Hop/Rap,118,2017
Legacy,JAY-Z,Hip-Hop/Rap,17,2017
Bon Appétit (feat. Migos),Katy Perry,Pop,24,2017
Heart Mind,Kodak Black & Plies,Hip-Hop/Rap,3,2017
I Need You,Michele Mupo,Rock,14,2017
Deadz (feat. 2 Chainz),Migos,Hip-Hop/Rap,4,2017
Hug Me,Pharrell Williams & Trey Parker,Soundtrack,11,2017
Magnolia,Playboi Carti,Hip-Hop/Rap,44,2017
Abracadabra,Steve Miller Band,Pop,33,2017
Walk On By (feat. Kendrick Lamar),Thundercat,R&B/Soul,4,2017
Where This Flower Blooms (feat. Frank Ocean),"Tyler, The Creator",Hip-Hop/Rap,30,2017
See You Again (feat. Kali Uchis),"Tyler, The Creator",Hip-Hop/Rap,66,2017
Pothole (feat. Jaden Smith),"Tyler, The Creator",Hip-Hop/Rap,28,2017
Garden Shed (feat. Estelle),"Tyler, The Creator",Hip-Hop/Rap,41,2017
Boredom (feat. Rex Orange County & Anna of the North),"Tyler, The Creator",Hip-Hop/Rap,39,2017
I Ain't Got Time!,"Tyler, The Creator",Hip-Hop/Rap,31,2017
911 / Mr. Lonely (feat. Frank Ocean & Steve Lacy),"Tyler, The Creator",Hip-Hop/Rap,55,2017
Droppin' Seeds (feat. Lil' Wayne),"Tyler, The Creator",Hip-Hop/Rap,41,2017
November,"Tyler, The Creator",Hip-Hop/Rap,37,2017
Glitter,"Tyler, The Creator",Hip-Hop/Rap,38,2017
My Fire,X-Treme,DDR,17,2017
Wonderland (UKS Remix),X-Treme,DDR,16,2017
Cheryl,Yung Gravy,Hip-Hop/Rap,28,2017
1 Thot 2 Thot Red Thot Blue Thot,Yung Gravy,Hip-Hop/Rap,33,2017
Forget Me Thots,Yung Gravy,Hip-Hop/Rap,33,2017
Cake,Aflacko,Hip-Hop/Rap,18,2018
This Is America,Childish Gambino,Hip-Hop/Rap,29,2018
I'm Coming Out / Upside Down (Chris Cox Remix Radio Edit),Diana Ross,Disco,3,2018
God's Plan,Drake,Hip-Hop/Rap,12,2018
The Muffin Song (asdfmovie),The Gregory Brothers & Tomska,Comedy,13,2018
Mortal Kombat,The Immortal(S),Dance,20,2018
"After The Storm (feat. Tyler, The Creator & Bootsy Collins)",Kali Uchis,R&B/Soul,53,2018
Drip Too Hard,Lil Baby & Gunna,Hip-Hop/Rap,26,2018
Chucky Cheese,MadeinTYO,Hip-Hop/Rap,29,2018
Inamorata,Mareux,Electronic,3,2018
Show Me How,Men I Trust,Pop,20,2018
Lemon (feat. Drake) [Drake Remix],N.E.R.D & Rihanna,Hip-Hop/Rap,19,2018
Short Court Style,Natalie Prass,Alternative,13,2018
Wow.,Post Malone,Hip-Hop/Rap,19,2018
"Violin Concerto in F Minor, Op. 8 No. 4, RV 297 ""L'inverno"": I. Allegro non molto. Aggiacciato tremar trà nevi algenti",Rachel Podger & Brecon Baroque,Classical,2,2018
SICKO MODE,Travis Scott,Hip-Hop/Rap,25,2018
SKELETONS,Travis Scott,Hip-Hop/Rap,15,2018
ASTROTHUNDER,Travis Scott,Hip-Hop/Rap,45,2018
Dinero,Trinidad Cardona,Pop,16,2018
Lights On (feat. Ryan Beatty & Santigold),"Tyler, The Creator",Hip-Hop/Rap,51,2018
Macintosh Plus 2k18,Yung Frown,Hip-Hop/Rap,13,2018
STOOPID (feat. Bobby Shmurda),6ix9ine,Hip-Hop/Rap,22,2018
Over the Period,BeBeatStream,Electronic,20,2019
Open Your Heart,Crush 40,Rock,2,2019
Taking It Out,DaBaby,Hip-Hop/Rap,23,2019
Suge,DaBaby,Hip-Hop/Rap,32,2019
Goin Baby,DaBaby,Hip-Hop/Rap,36,2019
Pony,DaBaby,Hip-Hop/Rap,23,2019
Deal wit It,DaBaby,Hip-Hop/Rap,27,2019
Baby Sitter (feat. Offset),DaBaby,Hip-Hop/Rap,21,2019
BOP,DaBaby,Hip-Hop/Rap,30,2019
My Potna Dem,$ilkMoney,Hip-Hop/Rap,7,2019
Viagra (feat. 909Memphis),ITSOKTOCRY,Hip-Hop,29,2019
Every Hour (feat. Sunday Service Choir),Kanye West,Hip-Hop/Rap,64,2019
On God,Kanye West,Hip-Hop/Rap,8,2019
Hands On (feat. Fred Hammond),Kanye West,Hip-Hop/Rap,7,2019
Use This Gospel (feat. Clipse & Kenny G),Kanye West,Hip-Hop/Rap,24,2019
Pretty Face,King Staccz,Hip-Hop/Rap,51,2019
Panini,Lil Nas X,Alternative,34,2019
Rodeo,Lil Nas X & Cardi B,Alternative,66,2019
Ransom (Remix),Lil Tecca & Juice WRLD,Hip-Hop/Rap,40,2019
Futsal Shuffle 2020,Lil Uzi Vert,Hip-Hop/Rap,46,2019
Pull up,Luh Kel,R&B/Soul,51,2019
All Dat,Moneybagg Yo & Megan Thee Stallion,Hip-Hop/Rap,47,2019
Sonic,MoneyGamer,Hip-Hop/Rap,12,2019
Ballin’,Mustard & Roddy Ricch,Hip-Hop/Rap,38,2019
Congratulations,"PewDiePie, Roomie & Boyinaband",Hip-Hop/Rap,25,2019
Loose Cannon,Puzzle,Alternative,25,2019
The fo Five,Ramirez,Hip-Hop,2,2019
Half Love,Red Hearse,Pop,11,2019
Material Girl,Saucy Santana,Hip-Hop/Rap,3,2019
Basement Jack,Steve Lacy,Pop,1,2019
N Side,Steve Lacy,Pop,24,2019
Rain,Sunday Service Choir,Christian,15,2019
Father Stretch,Sunday Service Choir,Christian,19,2019
Im So Fresh You Can,Torbop,Alternative,6,2019
IGOR'S THEME,"Tyler, The Creator",Hip-Hop/Rap,39,2019
EARFQUAKE,"Tyler, The Creator",Hip-Hop/Rap,81,2019
I THINK,"Tyler, The Creator",Hip-Hop/Rap,42,2019
EXACTLY WHAT YOU RUN FROM YOU END UP CHASING,"Tyler, The Creator",Hip-Hop/Rap,68,2019
RUNNING OUT OF TIME,"Tyler, The Creator",Hip-Hop/Rap,38,2019
NEW MAGIC WAND,"Tyler, The Creator",Hip-Hop/Rap,40,2019
A BOY IS A GUN,"Tyler, The Creator",Hip-Hop/Rap,39,2019
PUPPET,"Tyler, The Creator",Hip-Hop/Rap,41,2019
WHAT'S GOOD,"Tyler, The Creator",Hip-Hop/Rap,35,2019
"GONE, GONE / THANK YOU","Tyler, The Creator",Hip-Hop/Rap,38,2019
I DON'T LOVE YOU ANYMORE,"Tyler, The Creator",Hip-Hop/Rap,39,2019
ARE WE STILL FRIENDS?,"Tyler, The Creator",Hip-Hop/Rap,29,2019
Driftveil City,VGR,House,33,2019
Jesus Is the One (I Got Depression),Zack Fox & Kenny Beats,Hip-Hop/Rap,61,2019
In My Room I Beat My Lego Block,BeatsBoomingBang,Pop,29,2020
Clouded,Brent Faiyaz,R&B/Soul,6,2020
Algorhythm,Childish Gambino,Hip-Hop/Rap,38,2020
"12.38 (feat. 21 Savage, Ink & Kadhja Bonet)",Childish Gambino,Hip-Hop/Rap,17,2020
19.1,Childish Gambino,Hip-Hop/Rap,15,2020
JUMP (feat. YoungBoy Never Broke Again),DaBaby,Hip-Hop/Rap,28,2020
BLIND (feat. Young Thug),DaBaby,Hip-Hop/Rap,43,2020
Levitating (feat. DaBaby),Dua Lipa,Pop,3,2020
Aruarian Dance,Ginchy,Downtempo,6,2020
Make Me Feel,House Music,House,18,2020
I Need Lovin',House Music,House,12,2020
My Love is Free,Liam Doc,Dance,9,2020
That Way,Lil Uzi Vert,Hip-Hop/Rap,53,2020
Sweet Honey,Los Retros,Alternative,21,2020
Moving [edit],"Love Regenerator, Eli Brown, Calvin Harris",Dance,34,2020
"Merry Go Round of Life (Piano Solo) [From""Howl's Moving Castle Soundtrack""]",Maffesfish,Worldwide,13,2020
Sleigh Ride,Mariah Carey,Holiday,64,2020
Here Comes Santa Claus (Right Down Santa Claus Lane) / House Top Celebration [feat. Snoop Dogg & Jermaine Dupri],Mariah Carey,Holiday,75,2020
Joy to the World (Magical Christmas Mix),Mariah Carey,Holiday,66,2020
My Ecstasy,The North 41,Pop,22,2020
Ekse,Off The Meds,House,3,2020
Whole Lotta Choppas,Sada Baby,Hip-Hop/Rap,34,2020
Stardust (feat. Urameshiii),Skehletor,Hip-Hop/Rap,15,2020
Mi Madre,The Straikerz,Hardcore,13,2020
How Sway,Thundercat,R&B/Soul,5,2020
Funny Thing,Thundercat,R&B/Soul,3,2020
BEST INTEREST,"Tyler, The Creator",Hip-Hop/Rap,52,2020
Plastic,Unghetto,Hip-Hop/Rap,40,2020
Shakira!,1-N-ONLY & EGOVERT,Hip-Hop/Rap,4,2020
Do It To It (feat. Cherish),Acraze,Dance,3,2021
Loose Change (feat. Earl Sweatshirt),The Alchemist,Hip-Hop/Rap,4,2021
family ties,Baby Keem & Kendrick Lamar,Hip-Hop/Rap,17,2021
"Gravity (feat. Tyler, The Creator)",Brent Faiyaz & DJ Dahi,R&B/Soul,40,2021
W Rizz,Coby,Electronic,16,2021
Down Low,Dombresky,House,7,2021
Papi’s Home,Drake,Hip-Hop/Rap,4,2021
Way 2 Sexy (feat. Future & Young Thug),Drake,Hip-Hop/Rap,3,2021
Flyday Chinatown,EVADE FROM 宇宙,Dance,16,2021
Billie (Loving Arms),Fred again..,Electronic,11,2021
Monster Zero,Groovy Kaiju,,5,2021
All Cats Are Beautiful,Groovy Kaiju,,2,2021
U Will Sea,Groovy Kaiju,,4,2021
Moments of Magic,Groovy Kaiju,,3,2021
Final Boss Theme,Groovy Kaiju,,3,2021
She's Focused on Being in Love,Groovy Kaiju,,3,2021
I had a dream that I was in a 90s anime,Groovy Kaiju,,3,2021
Provider,Groovy Kaiju,,3,2021
Never Ending Dandy Baby,Groovy Kaiju,,2,2021
Want Some More,Groovy Kaiju,,2,2021
Orca Adventure DX,Groovy Kaiju,Dance,12,2021
Take Me Back to Shinjuku,Groovy Kaiju,Dance,9,2021
The Joke Is On You (It's an all night party that we're getting into) - iCarly,Hiko,Pop,3,2021
m y . l i f e,"J. Cole, 21 Savage & Morray",Hip-Hop/Rap,8,2021
My Humps (feat. Black Eyed Peas) [JBroadway Remix],JBroadway,Hip-Hop/Rap,22,2021
Big Energy,Latto,Hip-Hop/Rap,8,2021
DONT WANT IT,Lil Nas X,Alternative,22,2021
INDUSTRY BABY,Lil Nas X & Jack Harlow,Hip-Hop/Rap,40,2021
Pump Up The Jam,Lil Uzi Vert,Soundtrack,54,2021
FVN!,LVL1,Pop,26,2021
Believe Me,Navos,Dance,22,2021
The Time Is Now,Never Dull,House,4,2021
Set Adrift On Memory Bliss (Remix) [Mixed],P.M. Dawn,Electronic,15,2021
Attracted To You,PinkPantheress,Pop,4,2021
Pain,PinkPantheress,Pop,24,2021
I must apologise,PinkPantheress,Pop,4,2021
Tudo Que Você Podia Ser (Mixed),Quarteto Em Cy,Brazilian,16,2021
I Feel Fantastic,Riovaz,Dance,14,2021
Friday (feat. Mufasa & Hypeman) [Dopamine Re-Edit],Riton & Nightcrawlers,Dance,21,2021
Do You Remember (Jersey Club Remix),rrodney,Dance,12,2021
Assumptions,Sam Gellaitry,Electronic,32,2021
Player,T-Wayne,Hip-Hop/Rap,24,2021
I Say A Little Prayer,Tori Kelly & Pharrell Williams,Soundtrack,10,2021
Holy Smokes (feat. Lil Uzi Vert),Trippie Redd,Hip-Hop/Rap,16,2021
WUSYANAME (feat. YoungBoy Never Broke Again & Ty Dolla $ign),"Tyler, The Creator",Hip-Hop/Rap,35,2021
JUGGERNAUT (feat. Lil Uzi Vert & Pharrell Williams),"Tyler, The Creator",Hip-Hop/Rap,3,2021
WILSHIRE,"Tyler, The Creator",Hip-Hop/Rap,,2021
Rich N***a Shit (with Juice WRLD),Young Thug,Hip-Hop/Rap,12,2021
Lick It,20 Fingers,Dance,9,2021
Тесно,"Aarne, BUSHIDO ZHO & ANIKV",Hip-Hop/Rap,25,2022
Deep Down (feat. Never Dull),"Alok, Ella Eyre & Kenny Dope",Dance,21,2022
BILLIE EILISH.,Armani White,Hip-Hop/Rap,21,2022
BREAK MY SOUL,Beyoncé,Pop,16,2022
AMERICA HAS A PROBLEM,Beyoncé,Pop,18,2022
NOBODYNOONE (BLVTH ON SP33D REMIX),BLVTH,House,11,2022
Higher,BYNX,Dance,15,2022
Doja,Central Cee,Hip-Hop/Rap,43,2022
Sunglasses at Night (Jean Jacket Mix),Corey Hart,Soundtrack,1,2022
Here With Me,d4vd,Alternative,10,2022
I'm Good (Blue),David Guetta & Bebe Rexha,Dance,15,2022
"What Ya On, Pt. 2 (Cupid) (feat. Sugarhill Keem)",DJ DeuceDroppa,Hip-Hop/Rap,10,2022
Automotivo Super Mario World 2,DJ NK3,Baile Funk,11,2022
Baby Got Back Challenge,DJNeptune973,Dance,8,2022
Jimmy Cooks (feat. 21 Savage),Drake,Dance,14,2022
Sweet Yamz,Fetty Wap,Hip-Hop/Rap,10,2022
Out of Pocket (feat. Eryxse & makeoutcy),gaspmf,Hip-Hop/Rap,10,2022
Veeze Small Fry,Guap3x,Hip-Hop/Rap,13,2022
pushin P (feat. Young Thug),Gunna & Future,Hip-Hop/Rap,21,2022
Over You,Holy Goof & TS7,Garage,7,2022
After LIKE (Mixed),IVE,Japan,7,2022
Glimpse of Us,Joji,Pop,21,2022
N****s in Paris (HEDEGAARD & Matt Hawk),HEDEGAARD & Matt Hawk,Dance,14,2022
Mezzoforte,Kyoshu,Jazz,6,2022
Afraid To Feel,LF SYSTEM,Dance,17,2022
Just Wanna Rock,Lil Uzi Vert,Hip-Hop/Rap,11,2022
Wonderwall (Apple Music Sessions),Little Big Town,Country,15,2022
Back That Up To The Beat (demo version),Madonna,Pop,15,2022
Honey (Another Taste of Honey David Morales Remix),Mariah Carey,Pop,21,2022
Hypnotized,Midnight Bluesmen,Blues,21,2022
Dah Dah DahDah,Nardo Wick,Hip-Hop/Rap,15,2022
Blessings,Never Dull,Dance,24,2022
Show Me,Never Dull,Dance,24,2022
Try 2 Luv,Never Dull,Dance,25,2022
Super Freaky Girl (Roman Remix),Nicki Minaj,Hip-Hop/Rap,12,2022
Slut Me Out,NLE Choppa,Hip-Hop/Rap,6,2022
on & on,piri & tommy,Dance,21,2022
Sunrise,Puszka.,Hip-Hop/Rap,5,2022
Messages from the Stars (Sped Up),The Rah Band,Pop,11,2022
NOSTYLIST x Crimewave - Remake Cover,"renewwed, Capella & Tazzy",Pop,24,2022
Tantrum (Pace Yourself),Riovaz,Alternative,10,2022
Tubarão Te Amo Tiktok (Remix),ROSE BEAT,Latin,11,2022
Making Shapes (Scott Diaz Remix),Saison & Miss Yankey,House,8,2022
I’m Blue,Softest Hard & T-Pain,Dance,47,2022
Don't Text Me When You're Drunk,Stacey Ryan & Zai1k,Pop,10,2022
Bad Habit (Jersey Club Remix),SteezTheProducer,Dance,37,2022
Bad Habit,Steve Lacy,R&B/Soul,28,2022
sci@ll@ (feat. Tananai),thasup,Hip-Hop/Rap,11,2022
Them Changes (Sped Up),Thundercat,R&B/Soul,21,2022
Quandale Dingle Dream Diss (feat. Packgod),Ticklemytip,Hip-Hop/Rap,15,2022
Jersey Anniversary Aye Bay Bay,TIKTOKNOW,Dance,5,2022
Let's Fighting Love (Live) [feat. Primus & Ween],Trey Parker & Matt Stone,Comedy,5,2022
"Come On, Let's Go",Tyler The Creator & Nigo,Hip-Hop/Rap,2,2022
Out of Time,The Weeknd,R&B/Soul,7,2022
might start singing,wuvv,R&B/Soul,7,2022
Rich Minion,Yeat,Hip-Hop/Rap,10,2022
Yerushalayim (Live Version),Yerachmiel Begun & the Miami Boys Choir,Pop,18,2022
Betty (Get Money),Yung Gravy,Hip-Hop/Rap,20,2022
Pandas Unite / Nobody Like U (Reprise),"4*TOWN (From Disney and Pixar’s Turning Red) & Cast of ""Turning Red""",Soundtrack,14,2022
Sunset in Calabasas,adrian,Ambient,4,2023
New Day,ADTurnUp,Hip-Hop/Rap,9,2023
Hate Being Lonely,DC The Don,Hip-Hop/Rap,11,2023
Peaches,Jack Black,Soundtrack,18,2023
We Belong Together (Jersey Club),KilSoSouth,Dance,13,2023
How Do I Even Name This,Kyoshu,Singer/Songwriter,5,2023
Rodeo (Remix),Lah Pat & Flo Milli,Hip-Hop/Rap,7,2023
Vocation Bible School,lewalt & krulxd,Afrobeats,15,2023
Watch This (ARIZONATEARS Pluggnb Remix),Lil Uzi Vert & ARIZONATEARS,Hip-Hop/Rap,22,2023
"Self Medication (feat. Seth MacFarlane, Redman & Statik Selektah)",Logic,Hip-Hop/Rap,4,2023
20190724,Mac DeMarco,Alternative,24,2023
It's A Wrap (Sped Up),Mariah Carey,R&B/Soul,13,2023
Flowers,Miley Cyrus,Pop,26,2023
On the Move,PAWSA,House,11,2023
"Boy's a liar, Pt. 2",PinkPantheress & Ice Spice,Pop,20,2023
Bando (feat. Empireofyu),ta2cute,Hip-Hop/Rap,6,2023
DOGTOOTH,"Tyler, The Creator",Rap,13,2023
Video Game Lover,zanatsu,Alternative,18,2023